<?xml version="1.0" encoding="utf-8" ?>

<component name="RowListItem" extends="Group">
 
<interface> 
  <field id="itemContent" type="node" onChange="itemContentChanged"/> 
</interface>
 
<script type="text/brightscript" >
<![CDATA[ 
  function itemContentChanged() as void
    itemData = m.top.itemContent
    m.itemImage.uri = itemData.posterUrl
    m.itemText.text = itemData.labelText
  end function
    
  function init() as void
    m.itemImage = m.top.findNode("itemImage") 
    m.itemText = m.top.findNode("itemText") 
  end function
]]>
</script>

<children>
    <Poster id="itemImage" translation="[0,0]" width="230" height="130/" />
    <Label id="itemText" horizAlign="center" translation="[0,0]" font="font:MediumSystemFont" width="196"/>
</children>

</component>
